{"noiseKey":{"private":{"type":"Buffer","data":"mDHVzUZfFgD9vgooogc9E4ByY8R9UINkB+Ot0kDys2I="},"public":{"type":"Buffer","data":"5iBDwuWnwprtOoj70SCh/punqj89Yb1KbvS5feSyjzs="}},"pairingEphemeralKeyPair":{"private":{"type":"Buffer","data":"0ErJDAcT5OU4PAsvw4eggC+wXEX74TJKor2iwMtJm0E="},"public":{"type":"Buffer","data":"X/MoDaMCBnlKdXkDQ5Ig6U/q3ev8KkB5djU25M6NW2A="}},"signedIdentityKey":{"private":{"type":"Buffer","data":"8N2Ba47Vvf1xOw30tbr+3fcp1X+ZqPFmX11WOdJGQXg="},"public":{"type":"Buffer","data":"phjSev534+HnqLuH7qBAu0BtRqflpIK8yhP7Y19JexY="}},"signedPreKey":{"keyPair":{"private":{"type":"Buffer","data":"yGMR8SOffQpVBoNMuEEfRdIq9Vl2X9gsIiMbCQxnKks="},"public":{"type":"Buffer","data":"/+oFOmIwysZzxKfVHtMdzXaDg2HKbjIb+cwxIF45SDs="}},"signature":{"type":"Buffer","data":"KPkaB/GRUvqecPEKObfpEdfZQdb9Ndzg1RHxOoEthYY9xDrmKFlr6Sua1LaFUQ+LNMiPgDFEQP1hj5Yf3x/+iQ=="},"keyId":1},"registrationId":230,"advSecretKey":"Ze13Nhdg1DGy7cQRtLAIlpA7vNsjhl9+GrCQMUNYsfU=","processedHistoryMessages":[{"key":{"remoteJid":"555182775945@s.whatsapp.net","fromMe":true,"id":"3A0FBB267FB89C464BB5"},"messageTimestamp":1744863216},{"key":{"remoteJid":"555182775945@s.whatsapp.net","fromMe":true,"id":"3AF083F0777A7D0F82B9"},"messageTimestamp":1744863217}],"nextPreKeyId":31,"firstUnuploadedPreKeyId":31,"accountSyncCounter":1,"accountSettings":{"unarchiveChats":false},"registered":false,"account":{"details":"CKXcoJkOEOr/gcAGGAEgACgA","accountSignatureKey":"LSsxox0FPBEQOvoHsOkIM4ArIoUh/+a0L9bLdfAXsyI=","accountSignature":"BLapyulIycQMgjuxsLqI9iqnyr6it37lLBqokodbQVuUFC8kLv/17HD1+mQrzfZfLFYviWKCNDKmXaXgYzrfgA==","deviceSignature":"ZuR/9azjxwNi0zltRL4e4/IStPnL743fkZFBBp4NIFrrvPDvualNXs8RdDMwnn7K05QClB7+xImxs3mvUsAQiA=="},"me":{"id":"555182775945:15@s.whatsapp.net","lid":"215947163996377:15@lid","name":"Tiago Carvalho"},"signalIdentities":[{"identifier":{"name":"555182775945:15@s.whatsapp.net","deviceId":0},"identifierKey":{"type":"Buffer","data":"BS0rMaMdBTwREDr6B7DpCDOAKyKFIf/mtC/Wy3XwF7Mi"}}],"platform":"iphone","routingInfo":{"type":"Buffer","data":"CAgIAg=="},"lastAccountSyncTimestamp":1744864103,"lastPropHash":"PWk5B","myAppStateKeyId":"AAAAAGgo"}