{"_sessions":{"BaPDYCPHdKpYqRYuiUSxUjx8E+7aYNJWZ/bnF7XhxWMN":{"registrationId":8381,"currentRatchet":{"ephemeralKeyPair":{"pubKey":"BZaFq4TC9QkGzdG1LAZLuc+1FLPy0/xjeT8AL9apGypr","privKey":"iDQYT3NBm9xqQp2p5DU7AtIp+sQTlCtHUTmTKPqb7VI="},"lastRemoteEphemeralKey":"BT5B3q0fyeV3D0ft68Bcwb6VCxkZrGn6U4MTmY1wp6sc","previousCounter":0,"rootKey":"cM4v1KNMdPGBjmR0P8D/LDQf8dRycjJvaHD3mF1YuLY="},"indexInfo":{"baseKey":"BaPDYCPHdKpYqRYuiUSxUjx8E+7aYNJWZ/bnF7XhxWMN","baseKeyType":1,"closed":-1,"used":1744863259367,"created":1744863259367,"remoteIdentityKey":"BSclUmGUvGfQiSTT3FpigMRI1XUzSegWL3DSK8/9qzkg"},"_chains":{"BZaFq4TC9QkGzdG1LAZLuc+1FLPy0/xjeT8AL9apGypr":{"chainKey":{"counter":1,"key":"ktVhWE+LVMsPFRwK7x3W4VzXdXdWuhRDaz1It9XqWn4="},"chainType":1,"messageKeys":{}}},"pendingPreKey":{"signedKeyId":1,"baseKey":"BaPDYCPHdKpYqRYuiUSxUjx8E+7aYNJWZ/bnF7XhxWMN","preKeyId":127}}},"version":"v1"}