{"_sessions":{"BZgeXRHnd8dgpdAzKEjI1Uw5Fh/VyWjJh1K+CAYFaupr":{"registrationId":1322954840,"currentRatchet":{"ephemeralKeyPair":{"pubKey":"BRvBR96FqeX699U58nuxYDZdn0h4t/DOnGCppCR6FSsL","privKey":"6AdECv/HdeGPBmaDDwjSGnjvQnJ2NaVyyi8zD3bZwHI="},"lastRemoteEphemeralKey":"BTyy7WCgwSrh57326wJ9y1FoQCLsslal6dL1dFl5EZFr","previousCounter":0,"rootKey":"uzprD1QGf7NDuy9HChPX+wi3la2Co/Qvieir5BN2+sA="},"indexInfo":{"baseKey":"BZgeXRHnd8dgpdAzKEjI1Uw5Fh/VyWjJh1K+CAYFaupr","baseKeyType":2,"closed":-1,"used":1744863213264,"created":1744863213264,"remoteIdentityKey":"BS0rMaMdBTwREDr6B7DpCDOAKyKFIf/mtC/Wy3XwF7Mi"},"_chains":{"BTyy7WCgwSrh57326wJ9y1FoQCLsslal6dL1dFl5EZFr":{"chainKey":{"counter":5,"key":"AAriPHeZtevvtTz7EwzwgyzaNOHBssy0QKpaQLN1WpQ="},"chainType":2,"messageKeys":{}},"BRvBR96FqeX699U58nuxYDZdn0h4t/DOnGCppCR6FSsL":{"chainKey":{"counter":7,"key":"ruJlgvkzh/kgYoY44PbWnIfZwZnSzvgsaaH/SKxz6Ok="},"chainType":1,"messageKeys":{}}}}},"version":"v1"}