{"_sessions":{"BVoyx/ltKCjtU/GeXjRw2C9oS+vr0FxZDUMTmRrw6Stw":{"registrationId":112931519,"currentRatchet":{"ephemeralKeyPair":{"pubKey":"BaMAmaCJzrf835auDhgUAEr53XwGz/q8zutkxaDXg11B","privKey":"uPWG3f0Te/EM9SLPI9UTipiL9GgxGyUF+Xt0LoaFolo="},"lastRemoteEphemeralKey":"BazLuDuDEhrG21Wa/YkDsWizsI2c+27oQxPEu9u0hnIn","previousCounter":0,"rootKey":"G5R0QC1FEJyRCddXGRt7P2qxBL9fwxF89W+mSO0gh4w="},"indexInfo":{"baseKey":"BVoyx/ltKCjtU/GeXjRw2C9oS+vr0FxZDUMTmRrw6Stw","baseKeyType":1,"closed":-1,"used":1744863259372,"created":1744863259372,"remoteIdentityKey":"BY1nkKsa3jxFlrBQyYUzzOk9yjv/fDVs8KCVuX4AQ4I7"},"_chains":{"BaMAmaCJzrf835auDhgUAEr53XwGz/q8zutkxaDXg11B":{"chainKey":{"counter":1,"key":"/WuZYjB9r+KRjs42Z6JPWnqO1yRt4F+nide8ksP4vIo="},"chainType":1,"messageKeys":{}}},"pendingPreKey":{"signedKeyId":9,"baseKey":"BVoyx/ltKCjtU/GeXjRw2C9oS+vr0FxZDUMTmRrw6Stw","preKeyId":7252081}}},"version":"v1"}