{"_sessions":{"BVfqqdxKXNKUwgikydedUeuw+fxX2Faybmhl/nzwEIR+":{"registrationId":1460484547,"currentRatchet":{"ephemeralKeyPair":{"pubKey":"BVfplC3KxrVWK/UkHu7dyp4Rp+BdszofENq7Q5W9nZU5","privKey":"6I2oa8oY9hkPkYPFYob5sUA+gjACQNHtQoTa/d5Je2E="},"lastRemoteEphemeralKey":"BQWCoWJKp0Eg2WWWheC/eV6Jk5uhbzmKqDITCfvVtD1c","previousCounter":0,"rootKey":"88DOsA9PKakBz3+2+gY1TRsTaXmmlIyPBjZiH2JEs4k="},"indexInfo":{"baseKey":"BVfqqdxKXNKUwgikydedUeuw+fxX2Faybmhl/nzwEIR+","baseKeyType":2,"closed":-1,"used":1744864103391,"created":1744863224534,"remoteIdentityKey":"BRSuWp/TYT5sGNr5+dB5dHtD8ZRlmQvcEUqBlx7xJ6cJ"},"_chains":{"BS+z41wRsCC4GXXKpsYOAD2v+nHTVsVorlkz4JgwKTI9":{"chainKey":{"counter":1},"chainType":2,"messageKeys":{}},"BclKsX3a7dKN0uqI1uGYFD9+lO6nUttnwNy7cLSEwB5Q":{"chainKey":{"counter":0},"chainType":2,"messageKeys":{}},"BQwcxEBaJ6KwtZej9YjpCYXRU9h5UpfdPhpB5J6jcZMB":{"chainKey":{"counter":0},"chainType":2,"messageKeys":{}},"BV6DgUej6mBgO2zk2tD0xj2CUUQVfhobne1QUQl9JDAQ":{"chainKey":{"counter":0},"chainType":2,"messageKeys":{}},"BQWCoWJKp0Eg2WWWheC/eV6Jk5uhbzmKqDITCfvVtD1c":{"chainKey":{"counter":4,"key":"OsiapKaAKymSB3ul4EyeReePIi0w1kJpZx5IlxOijUU="},"chainType":2,"messageKeys":{"2":"1UGRZ0Lbmii+lpSFGaHgBZjK5FA3kZmGfmBqtzmMUGo="}},"BVfplC3KxrVWK/UkHu7dyp4Rp+BdszofENq7Q5W9nZU5":{"chainKey":{"counter":1,"key":"z+qg3Dbd4Ii0Qsb2y7MphJ0zCbCnvYtmeTd2DJmB8NY="},"chainType":1,"messageKeys":{}}}}},"version":"v1"}